# The panel's languages (openwrt/luci-app-mu300/po/<dir>) and LuCI's: po directory, LuCI code (the name of the .lmo
# files, base.<code>.lmo; uci luci.languages takes it with - as _), and the name the language list shows (LuCI's own
# "native (English)" form). English is the source language and has no catalog.
# dir	code	name
ar	ar	العربية (Arabic)
az	az	Azərbaycan dili (Azerbaijani)
bg	bg	български (Bulgarian)
cs	cs	Čeština (Czech)
da	da	Dansk (Danish)
de	de	Deutsch (German)
el	el	Ελληνικά (Greek)
es	es	Español (Spanish)
fa	fa	Farsi (Persian)
fi	fi	Suomi (Finnish)
fr	fr	Français (French)
he	he	עִבְרִית (Hebrew)
hi	hi	हिंदी (Hindi)
hu	hu	Magyar (Hungarian)
id	id	Bahasa Indonesia (Indonesian)
it	it	Italiano (Italian)
ja	ja	日本語 (Japanese)
kk	kk	Қазақ тілі (Kazakh)
ko	ko	한국어 (Korean)
nl	nl	Nederlands (Dutch)
pl	pl	Polski (Polish)
pt_BR	pt-br	Português do Brasil (Brazilian Portuguese)
ro	ro	Română (Romanian)
ru	ru	Русский (Russian)
sk	sk	Slovenčina (Slovak)
sv	sv	Svenska (Swedish)
tr	tr	Türkçe (Turkish)
uk	uk	Українська (Ukrainian)
vi	vi	Tiếng Việt (Vietnamese)
zh_Hans	zh-cn	简体中文 (Simplified Chinese)
zh_Hant	zh-tw	正體中文 (Traditional Chinese)
